xmlFileName,xmlStem,xmlFilenameField,xmlFilenameFieldStem,sourceImageFileName,sourceImageStem
1000.xml,1000,642.jpg,642,1000.jpg,1000
1001.xml,1001,645.jpg,645,1001.jpg,1001
1003.xml,1003,651.jpg,651,1003.jpg,1003
1005.xml,1005,656.jpg,656,1005.jpg,1005
1006.xml,1006,659.jpg,659,1006.jpg,1006
1009.xml,1009,664.jpg,664,1009.jpg,1009
1011.xml,1011,668.jpg,668,1011.jpg,1011
1012.xml,1012,67.jpg,67,1012.jpg,1012
1013.xml,1013,674.jpg,674,1013.jpg,1013
1014.xml,1014,676.jpg,676,1014.jpg,1014
1015.xml,1015,679.jpg,679,1015.jpg,1015
1016.xml,1016,680.jpg,680,1016.jpg,1016
1018.xml,1018,683.jpg,683,1018.jpg,1018
1020.xml,1020,687.jpg,687,1020.jpg,1020
1021.xml,1021,688.jpg,688,1021.jpg,1021
1022.xml,1022,689.jpg,689,1022.jpg,1022
1023.xml,1023,690.jpg,690,1023.jpg,1023
1024.xml,1024,691.jpg,691,1024.jpg,1024
1025.xml,1025,693.jpg,693,1025.jpg,1025
1026.xml,1026,696.jpg,696,1026.jpg,1026
1027.xml,1027,698.jpg,698,1027.jpg,1027
1028.xml,1028,699.jpg,699,1028.jpg,1028
1029.xml,1029,700.jpg,700,1029.jpg,1029
1030.xml,1030,701.jpg,701,1030.jpg,1030
1031.xml,1031,704.jpg,704,1031.jpg,1031
1032.xml,1032,706.jpg,706,1032.jpg,1032
1033.xml,1033,708.jpg,708,1033.jpg,1033
1034.xml,1034,709.jpg,709,1034.jpg,1034
1035.xml,1035,71.jpg,71,1035.jpg,1035
1036.xml,1036,710.jpg,710,1036.jpg,1036
1037.xml,1037,712.jpg,712,1037.jpg,1037
1038.xml,1038,713.jpg,713,1038.jpg,1038
1039.xml,1039,715.jpg,715,1039.jpg,1039
1040.xml,1040,716.jpg,716,1040.jpg,1040
1041.xml,1041,717.jpg,717,1041.jpg,1041
1042.xml,1042,72.jpg,72,1042.jpg,1042
1043.xml,1043,722.jpg,722,1043.jpg,1043
1044.xml,1044,723.jpg,723,1044.jpg,1044
1045.xml,1045,727.jpg,727,1045.jpg,1045
1047.xml,1047,731.jpg,731,1047.jpg,1047
1049.xml,1049,733.jpg,733,1049.jpg,1049
1050.xml,1050,735.jpg,735,1050.jpg,1050
1051.xml,1051,74.jpg,74,1051.jpg,1051
1052.xml,1052,75.jpg,75,1052.jpg,1052
1053.xml,1053,76.jpg,76,1053.jpg,1053
1054.xml,1054,78.jpg,78,1054.jpg,1054
1055.xml,1055,8.jpg,8,1055.jpg,1055
1056.xml,1056,84.jpg,84,1056.jpg,1056
1057.xml,1057,85.jpg,85,1057.jpg,1057
1058.xml,1058,89.jpg,89,1058.jpg,1058
1059.xml,1059,9.jpg,9,1059.jpg,1059
1062.xml,1062,94.jpg,94,1062.jpg,1062
743.xml,743,10.jpg,10,743.jpg,743
744.xml,744,100.jpg,100,744.jpg,744
745.xml,745,101.jpg,101,745.jpg,745
746.xml,746,105.jpg,105,746.jpg,746
747.xml,747,106.jpg,106,747.jpg,747
748.xml,748,108.jpg,108,748.jpg,748
749.xml,749,11.jpg,11,749.jpg,749
750.xml,750,110.jpg,110,750.jpg,750
751.xml,751,111.jpg,111,751.jpg,751
752.xml,752,115.jpg,115,752.jpg,752
753.xml,753,116.jpg,116,753.jpg,753
755.xml,755,120.jpg,120,755.jpg,755
758.xml,758,123.jpg,123,758.jpg,758
759.xml,759,126.jpg,126,759.jpg,759
761.xml,761,13.jpg,13,761.jpg,761
762.xml,762,130.jpg,130,762.jpg,762
763.xml,763,137.jpg,137,763.jpg,763
764.xml,764,14.jpg,14,764.jpg,764
766.xml,766,144.jpg,144,766.jpg,766
767.xml,767,145.jpg,145,767.jpg,767
768.xml,768,146.jpg,146,768.jpg,768
769.xml,769,147.jpg,147,769.jpg,769
770.xml,770,149.jpg,149,770.jpg,770
771.xml,771,15.jpg,15,771.jpg,771
772.xml,772,150.jpg,150,772.jpg,772
773.xml,773,152.jpg,152,773.jpg,773
774.xml,774,157.jpg,157,774.jpg,774
775.xml,775,158.jpg,158,775.jpg,775
776.xml,776,159.jpg,159,776.jpg,776
777.xml,777,160.jpg,160,777.jpg,777
778.xml,778,161.jpg,161,778.jpg,778
779.xml,779,166.jpg,166,779.jpg,779
780.xml,780,168.jpg,168,780.jpg,780
781.xml,781,17.jpg,17,781.jpg,781
782.xml,782,170.jpg,170,782.jpg,782
783.xml,783,172.jpg,172,783.jpg,783
784.xml,784,173.jpg,173,784.jpg,784
785.xml,785,175.jpg,175,785.jpg,785
786.xml,786,177.jpg,177,786.jpg,786
788.xml,788,180.jpg,180,788.jpg,788
789.xml,789,182.jpg,182,789.jpg,789
790.xml,790,183.jpg,183,790.jpg,790
791.xml,791,186.jpg,186,791.jpg,791
792.xml,792,187.jpg,187,792.jpg,792
793.xml,793,189.jpg,189,793.jpg,793
794.xml,794,191.jpg,191,794.jpg,794
795.xml,795,195.jpg,195,795.jpg,795
796.xml,796,196.jpg,196,796.jpg,796
798.xml,798,199.jpg,199,798.jpg,798
799.xml,799,2.jpg,2,799.jpg,799
800.xml,800,20.jpg,20,800.jpg,800
801.xml,801,205.jpg,205,801.jpg,801
802.xml,802,208.jpg,208,802.jpg,802
803.xml,803,21.jpg,21,803.jpg,803
804.xml,804,210.jpg,210,804.jpg,804
805.xml,805,211.jpg,211,805.jpg,805
806.xml,806,213.jpg,213,806.jpg,806
807.xml,807,215.jpg,215,807.jpg,807
808.xml,808,218.jpg,218,808.jpg,808
810.xml,810,220.jpg,220,810.jpg,810
811.xml,811,221.jpg,221,811.jpg,811
812.xml,812,224.jpg,224,812.jpg,812
813.xml,813,226.jpg,226,813.jpg,813
814.xml,814,227.jpg,227,814.jpg,814
815.xml,815,230.jpg,230,815.jpg,815
816.xml,816,231.jpg,231,816.jpg,816
817.xml,817,232.jpg,232,817.jpg,817
819.xml,819,235.jpg,235,819.jpg,819
820.xml,820,237.jpg,237,820.jpg,820
821.xml,821,238.jpg,238,821.jpg,821
822.xml,822,239.jpg,239,822.jpg,822
823.xml,823,241.jpg,241,823.jpg,823
825.xml,825,244.jpg,244,825.jpg,825
826.xml,826,251.jpg,251,826.jpg,826
828.xml,828,258.jpg,258,828.jpg,828
829.xml,829,259.jpg,259,829.jpg,829
830.xml,830,262.jpg,262,830.jpg,830
831.xml,831,263.jpg,263,831.jpg,831
832.xml,832,264.jpg,264,832.jpg,832
833.xml,833,265.jpg,265,833.jpg,833
836.xml,836,278.jpg,278,836.jpg,836
837.xml,837,28.jpg,28,837.jpg,837
838.xml,838,284.jpg,284,838.jpg,838
840.xml,840,286.jpg,286,840.jpg,840
841.xml,841,287.jpg,287,841.jpg,841
842.xml,842,288.jpg,288,842.jpg,842
843.xml,843,290.jpg,290,843.jpg,843
844.xml,844,297.jpg,297,844.jpg,844
845.xml,845,298.jpg,298,845.jpg,845
846.xml,846,301.jpg,301,846.jpg,846
847.xml,847,303.jpg,303,847.jpg,847
848.xml,848,304.jpg,304,848.jpg,848
849.xml,849,305.jpg,305,849.jpg,849
850.xml,850,307.jpg,307,850.jpg,850
852.xml,852,313.jpg,313,852.jpg,852
853.xml,853,314.jpg,314,853.jpg,853
854.xml,854,316.jpg,316,854.jpg,854
855.xml,855,318.jpg,318,855.jpg,855
856.xml,856,319.jpg,319,856.jpg,856
857.xml,857,32.jpg,32,857.jpg,857
858.xml,858,322.jpg,322,858.jpg,858
859.xml,859,325.jpg,325,859.jpg,859
861.xml,861,330.jpg,330,861.jpg,861
862.xml,862,332.jpg,332,862.jpg,862
865.xml,865,339.jpg,339,865.jpg,865
866.xml,866,340.jpg,340,866.jpg,866
867.xml,867,342.jpg,342,867.jpg,867
868.xml,868,343.jpg,343,868.jpg,868
869.xml,869,348.jpg,348,869.jpg,869
870.xml,870,35.jpg,35,870.jpg,870
872.xml,872,352.jpg,352,872.jpg,872
873.xml,873,353.jpg,353,873.jpg,873
876.xml,876,360.jpg,360,876.jpg,876
877.xml,877,363.jpg,363,877.jpg,877
879.xml,879,369.jpg,369,879.jpg,879
881.xml,881,370.jpg,370,881.jpg,881
882.xml,882,373.jpg,373,882.jpg,882
884.xml,884,379.jpg,379,884.jpg,884
887.xml,887,384.jpg,384,887.jpg,887
888.xml,888,387.jpg,387,888.jpg,888
889.xml,889,388.jpg,388,889.jpg,889
890.xml,890,389.jpg,389,890.jpg,890
891.xml,891,39.jpg,39,891.jpg,891
892.xml,892,391.jpg,391,892.jpg,892
896.xml,896,40.jpg,40,896.jpg,896
897.xml,897,400.jpg,400,897.jpg,897
899.xml,899,405.jpg,405,899.jpg,899
900.xml,900,406.jpg,406,900.jpg,900
901.xml,901,407.jpg,407,901.jpg,901
902.xml,902,411.jpg,411,902.jpg,902
903.xml,903,418.jpg,418,903.jpg,903
904.xml,904,426.jpg,426,904.jpg,904
905.xml,905,427.jpg,427,905.jpg,905
906.xml,906,431.jpg,431,906.jpg,906
907.xml,907,432.jpg,432,907.jpg,907
908.xml,908,435.jpg,435,908.jpg,908
909.xml,909,436.jpg,436,909.jpg,909
910.xml,910,439.jpg,439,910.jpg,910
911.xml,911,440.jpg,440,911.jpg,911
912.xml,912,444.jpg,444,912.jpg,912
913.xml,913,447.jpg,447,913.jpg,913
914.xml,914,45.jpg,45,914.jpg,914
915.xml,915,451.jpg,451,915.jpg,915
916.xml,916,452.jpg,452,916.jpg,916
917.xml,917,456.jpg,456,917.jpg,917
918.xml,918,457.jpg,457,918.jpg,918
919.xml,919,459.jpg,459,919.jpg,919
921.xml,921,460.jpg,460,921.jpg,921
922.xml,922,461.jpg,461,922.jpg,922
924.xml,924,466.jpg,466,924.jpg,924
925.xml,925,476.jpg,476,925.jpg,925
926.xml,926,477.jpg,477,926.jpg,926
927.xml,927,479.jpg,479,927.jpg,927
928.xml,928,482.jpg,482,928.jpg,928
929.xml,929,485.jpg,485,929.jpg,929
930.xml,930,49.jpg,49,930.jpg,930
931.xml,931,490.jpg,490,931.jpg,931
933.xml,933,492.jpg,492,933.jpg,933
934.xml,934,499.jpg,499,934.jpg,934
935.xml,935,5.jpg,5,935.jpg,935
936.xml,936,504.jpg,504,936.jpg,936
937.xml,937,505.jpg,505,937.jpg,937
938.xml,938,509.jpg,509,938.jpg,938
939.xml,939,513.jpg,513,939.jpg,939
940.xml,940,514.jpg,514,940.jpg,940
941.xml,941,515.jpg,515,941.jpg,941
942.xml,942,516.jpg,516,942.jpg,942
943.xml,943,52.jpg,52,943.jpg,943
944.xml,944,522.jpg,522,944.jpg,944
946.xml,946,528.jpg,528,946.jpg,946
947.xml,947,529.jpg,529,947.jpg,947
948.xml,948,531.jpg,531,948.jpg,948
949.xml,949,532.jpg,532,949.jpg,949
950.xml,950,535.jpg,535,950.jpg,950
951.xml,951,540.jpg,540,951.jpg,951
952.xml,952,543.jpg,543,952.jpg,952
953.xml,953,544.jpg,544,953.jpg,953
954.xml,954,547.jpg,547,954.jpg,954
957.xml,957,554.jpg,554,957.jpg,957
958.xml,958,557.jpg,557,958.jpg,958
959.xml,959,561.jpg,561,959.jpg,959
960.xml,960,562.jpg,562,960.jpg,960
961.xml,961,565.jpg,565,961.jpg,961
962.xml,962,566.jpg,566,962.jpg,962
964.xml,964,570.jpg,570,964.jpg,964
966.xml,966,576.jpg,576,966.jpg,966
967.xml,967,577.jpg,577,967.jpg,967
970.xml,970,580.jpg,580,970.jpg,970
971.xml,971,581.jpg,581,971.jpg,971
972.xml,972,588.jpg,588,972.jpg,972
973.xml,973,589.jpg,589,973.jpg,973
975.xml,975,595.jpg,595,975.jpg,975
976.xml,976,596.jpg,596,976.jpg,976
977.xml,977,598.jpg,598,977.jpg,977
978.xml,978,599.jpg,599,978.jpg,978
979.xml,979,6.jpg,6,979.jpg,979
981.xml,981,609.jpg,609,981.jpg,981
982.xml,982,612.jpg,612,982.jpg,982
983.xml,983,613.jpg,613,983.jpg,983
985.xml,985,618.jpg,618,985.jpg,985
987.xml,987,62.jpg,62,987.jpg,987
988.xml,988,620.jpg,620,988.jpg,988
989.xml,989,621.jpg,621,989.jpg,989
990.xml,990,624.jpg,624,990.jpg,990
991.xml,991,628.jpg,628,991.jpg,991
993.xml,993,630.jpg,630,993.jpg,993
994.xml,994,632.jpg,632,994.jpg,994
995.xml,995,636.jpg,636,995.jpg,995
996.xml,996,637.jpg,637,996.jpg,996
999.xml,999,640.jpg,640,999.jpg,999
