epoch,learningRate,trainLoss,valLoss,trainAccuracy,trainMacroPrecision,trainMacroRecall,trainMacroF1,trainWeightedF1,valAccuracy,valMacroPrecision,valMacroRecall,valMacroF1,valWeightedF1
1,0.0003,1.7591294907610744,1.6542801136873206,0.2780309936189608,0.2648677932384524,0.2621308076695728,0.258424512112226,0.2834188766217461,0.3142857142857143,0.31040502207525084,0.31983792179400883,0.2691463536595973,0.28723538147167704
2,0.0003,1.6179363796030704,1.6350476479043765,0.35733819507748404,0.33951771662407054,0.34739035841900073,0.32753218400727985,0.35543815312274746,0.2857142857142857,0.3224728926708161,0.34887612085672237,0.2804832132725135,0.26287442145632933
3,0.0003,1.5659142425088526,1.5493366513933455,0.38742023701002737,0.36931933722418747,0.3816204040811501,0.3627548976764969,0.3902168455230651,0.3469387755102041,0.4225202523813634,0.38552031545342075,0.30126265416469716,0.3152459363392264
4,0.0003,1.5584022072954622,1.6042896630812664,0.39380127620783956,0.3814142995811603,0.3930253828550218,0.369137933993426,0.3912765802270692,0.34285714285714286,0.3682542129472898,0.3490867370482244,0.32071013421783606,0.3536716184784027
5,0.0003,1.4689624471455784,1.4837776364112387,0.422971741112124,0.4128142728101838,0.43095398812425484,0.4022979972069772,0.42683754120610906,0.3836734693877551,0.35978419419386976,0.3654475977811476,0.35392914605406345,0.39209496341948424
6,0.0003,1.4736203406220039,1.8050204354889539,0.4512306289881495,0.42340444750768436,0.4379912128074723,0.42093635078617014,0.45441189138898547,0.2816326530612245,0.2865573765023049,0.28073649739445117,0.2583303690720571,0.2694233513816999
7,0.0003,1.4484458264157027,1.4920465070374158,0.4585232452142206,0.4313530769621468,0.44208615206641094,0.426280498818749,0.45991219813312534,0.40408163265306124,0.39166957824901444,0.40708872033418037,0.36745410407428647,0.3962290598856069
8,0.0003,1.40831399050863,2.026778032341782,0.47128532360984504,0.4605923273584911,0.46259981361214825,0.44428178588202627,0.4745394763738434,0.2979591836734694,0.35997939258808825,0.32720162779774203,0.26142003670629627,0.2973610709278259
9,0.0003,1.3625178892392946,1.7039724632185334,0.4740200546946217,0.4637506895211756,0.4703565644704381,0.4501912222672038,0.481743823084417,0.42857142857142855,0.3714100612730749,0.3275107583688685,0.3225919345208391,0.38832861065380503
10,0.0003,1.3257231496091093,1.8002440929412842,0.5031905195989061,0.4929718926131239,0.5021859156594294,0.48006238205702073,0.5094169065524015,0.46530612244897956,0.4962120070815723,0.474803771172017,0.4290483922983657,0.45965967957404796
11,0.0003,1.2966701288927438,2.0850900572173448,0.5159525979945305,0.4914401130321376,0.4942209644508037,0.48429794243738616,0.5230339291214245,0.3836734693877551,0.46820862536627855,0.3091828297372236,0.3006601834527639,0.3430907323333306
12,0.0003,1.2810350718450416,4.518383724835454,0.5104831358249772,0.4983701749153108,0.5172550060457907,0.48871227436159453,0.5115539309964704,0.23265306122448978,0.5249416795296398,0.2410036883050597,0.19639764129582538,0.19764221777376106
13,0.0003,1.2943857962583127,1.3930236787212138,0.5232452142206017,0.5099087462877799,0.5289566123162112,0.504096389342291,0.5286651195294584,0.43673469387755104,0.4317857845968791,0.45012203944781365,0.405391171192026,0.4261491822227891
14,0.0003,1.2706376502159626,1.4417063309221851,0.5223336371923427,0.5062151922976665,0.5243100163203424,0.5009143605270138,0.5289552324749757,0.45714285714285713,0.49606998963406296,0.47402681526731144,0.42103543706413143,0.45683750629171527
15,0.0003,1.172086352854288,1.3601544292605654,0.5633546034639927,0.5459758157545596,0.5738325905562446,0.5475462091763094,0.5632218620091771,0.43673469387755104,0.4647399803133679,0.4730191781405835,0.42961494368401426,0.42848344561070484
16,0.0003,1.203319573793611,1.3244888840889444,0.5414767547857794,0.5259690995646052,0.5506247701367679,0.5247633491013363,0.5441962593035126,0.4897959183673469,0.5043747437917107,0.5299455000852279,0.48208621034191235,0.48466468261527623
17,0.0003,1.1506979982203098,1.8841956615448,0.5615314494074749,0.5467309831825259,0.5790713615427007,0.5454870731365499,0.5637131047933873,0.42448979591836733,0.520929217260739,0.47942896475069885,0.42293780808488823,0.42972303367679365
18,0.0003,1.083961586519709,1.7020295366948965,0.5989061075660893,0.5862153905100133,0.61997091395269,0.5860178057332505,0.6015062904146651,0.4489795918367347,0.4776179969595494,0.5207813145788337,0.4387378567590978,0.4262021951703612
19,0.0003,1.0339623382119776,1.3835275036948067,0.6061987237921604,0.5892828989098927,0.6245111879396488,0.5912600008815617,0.6048475892639775,0.5387755102040817,0.5330853327050081,0.5614642377366587,0.5251288204050986,0.5478891362664637
20,0.0003,1.0408574263399692,1.2893589263059655,0.6116681859617138,0.5981240072536611,0.6362597905633763,0.5987681230882106,0.6117818726006111,0.5346938775510204,0.5395905685734436,0.572063491764445,0.5267816326639856,0.530348531597031
21,0.0003,0.9827469835090116,1.197150112658131,0.6335460346399271,0.6168828826515633,0.6406978844946941,0.6159556285200071,0.6327507957875932,0.6244897959183674,0.5098767349725204,0.5657968290438117,0.5260775735266933,0.6032328061928318
22,0.0003,1.0040975956886382,4.411385312372325,0.6052871467639015,0.5878704115484138,0.6300257194859935,0.5943761472832872,0.6059704401030666,0.3183673469387755,0.44390280262373283,0.30573774093791756,0.23159796419759168,0.2509975955011935
23,0.0003,1.0107310177960391,1.3336413130468252,0.6171376481312671,0.6026650846741347,0.6416314969160167,0.6059638040628256,0.6168006644052445,0.5265306122448979,0.5480293959326218,0.5304895379212983,0.49153545430946055,0.5319068449008281
24,0.0003,0.9283789006166275,1.2431643573605284,0.6536007292616226,0.6349624642360291,0.665954381277542,0.6386229699486239,0.652058933197466,0.5714285714285714,0.5960860856922444,0.5775333926314,0.5391726035067927,0.5872076681108785
25,0.0003,0.8970640128921571,1.3151508297239032,0.6718322698268003,0.6507144734254022,0.6871775545433874,0.6575909985187329,0.6730092256616516,0.5061224489795918,0.5767261088486687,0.5395824803986672,0.49754217902213066,0.5417079739651389
26,0.0003,0.8606711178338843,1.3790494544165475,0.6873290793072014,0.6682154600297836,0.7093540434139479,0.6712633317173053,0.6881535135766257,0.5346938775510204,0.5415690466590962,0.6146617396553954,0.5280439919037462,0.5192830907613218
27,0.0003,0.8680105639677648,1.3194105732197665,0.6918869644484958,0.674128268573666,0.7083328645356602,0.678479958658395,0.6924472770165505,0.5877551020408164,0.5984671384671384,0.5886423005927538,0.5668984804930701,0.6128858229307995
28,0.0003,0.8533047330086081,1.0262047529220581,0.6918869644484958,0.6677167695234618,0.7078189196219081,0.6752063263083596,0.6922106895194405,0.6612244897959184,0.648411290375363,0.6732401108777831,0.638903821997224,0.662059111045015
29,0.0003,0.8364367823005266,1.2214065425249996,0.6937101185050136,0.674267643431361,0.7127036211064118,0.6831338881672383,0.6937397027879508,0.6489795918367347,0.6549343584558288,0.6834114578752342,0.6292872795325483,0.6542082729901775
30,0.0003,0.7706336840348779,1.9391956380435398,0.7064721969006381,0.6853074539987211,0.7274283004087482,0.6925133888680165,0.7076633676772057,0.3877551020408163,0.48477120251313804,0.4347687713157245,0.3628714701309983,0.41611798352640605
31,0.0003,0.7901399429537757,0.9792086844541589,0.7046490428441203,0.6829462953401654,0.7144320837313654,0.6881968659802357,0.704821999412738,0.6653061224489796,0.6344946617124037,0.6647019656749338,0.6432941644807366,0.6668511665008228
32,0.0003,0.7517446806567739,1.3984941365767498,0.7192342752962625,0.6975424009166399,0.738019948232595,0.7088474049902412,0.7184934803119655,0.5102040816326531,0.55823547367665,0.5701352129539272,0.5093820179605509,0.49659714515960873
33,0.0003,0.7705770715215364,1.2082588327174284,0.7183226982680037,0.6933254049766827,0.7260544324692031,0.7007630408527418,0.7193553198202978,0.5795918367346938,0.5909493058130433,0.5616429322196581,0.5512710828338571,0.6019963382791499
34,0.0003,0.7194606735691116,1.2547399778755344,0.7247037374658158,0.7089980902569758,0.7460460339913225,0.7205467693501593,0.7242119925297745,0.5795918367346938,0.617268763942151,0.583446810971351,0.5516097857101544,0.6145365068599761
35,0.0003,0.7233932937615115,1.4008008786610195,0.7137648131267093,0.6959878688429354,0.7422396696281558,0.7070669274346381,0.7122388464252554,0.49387755102040815,0.5844297567511854,0.5163172192815488,0.4499097516732549,0.49498332143271195
36,0.0003,0.6566089362367893,1.4606695943949173,0.763901549680948,0.7474500842611724,0.7737266890722635,0.7570412349620596,0.7632805683968643,0.6489795918367347,0.6430497726730878,0.6624097500339722,0.6313027935967447,0.6527114933636592
37,0.00015,0.5749920602266421,1.0717766820168009,0.7912488605287147,0.7717238408509597,0.810279974049983,0.7835013906109404,0.7899124345211084,0.6448979591836734,0.6727683124084707,0.6667182069476691,0.6313406557898895,0.6570180601666644
38,0.00015,0.5435162043723608,0.8370289245430305,0.8040109389243391,0.788067660635772,0.8166523092506038,0.798215780648083,0.8031156268544458,0.7346938775510204,0.7197420380532336,0.7358421916056441,0.7213693496781732,0.734643765075938
39,0.00015,0.5476957511228111,1.043703488914334,0.8003646308113036,0.7859601347252981,0.8186698569238593,0.7974493930543552,0.7990704670341501,0.6081632653061224,0.671830757676788,0.5931807375055982,0.5504432769124675,0.632307832046913
40,0.00015,0.5311585999719642,0.9612169557688187,0.8030993618960802,0.7883665004564882,0.8191767242059322,0.8004710447127348,0.8023947589502852,0.726530612244898,0.6889289582015752,0.7296154798032722,0.7019800242292678,0.7272637158241388
41,0.00015,0.5293810112485042,0.9770745961033568,0.8103919781221514,0.7905862279098773,0.8326525508117574,0.8044867531846506,0.8098293873714105,0.746938775510204,0.7523051660982695,0.7414113325363618,0.7303553200913955,0.745113339458075
42,0.00015,0.4978985071399588,1.6279713260884188,0.8113035551504102,0.7982816470958735,0.8343478644573258,0.8124441634077307,0.8105403610172299,0.4857142857142857,0.6342535081665517,0.5066083144610851,0.4870706505571647,0.5482398501940307
43,0.00015,0.5254554985975719,0.8309888438910854,0.8113035551504102,0.7925542466025502,0.828626118333648,0.8058519607881208,0.8109593435844704,0.726530612244898,0.7411808155456775,0.7224161767496149,0.7110959179224379,0.7225932078470263
44,0.00015,0.5038920529560273,1.114405054097273,0.8113035551504102,0.7894194127323836,0.8244262201229727,0.801479378373076,0.8113760969073811,0.6775510204081633,0.6779212415960535,0.7157175858387882,0.6605649574637867,0.6925485861240256
45,0.00015,0.4957211038255648,1.497955644373991,0.8258887876025525,0.8089260828972012,0.8403900516085557,0.821189755743978,0.8255252908883752,0.6244897959183674,0.6555987883272009,0.6562701786834643,0.6086683831781871,0.6435163964575729
46,0.00015,0.47288101643948743,0.9244870735674489,0.8204193254329991,0.8081740694197527,0.8433148017483632,0.822094308594829,0.8198718100178544,0.763265306122449,0.7728200141243619,0.7307288611317014,0.7344858084940163,0.7605335969678916
47,0.00015,0.4539459639499703,1.0942828725795357,0.8322698268003647,0.813247596223972,0.834831400610682,0.822200153361217,0.8325389142966801,0.6448979591836734,0.6697078544061302,0.6406135231011135,0.6146122288326581,0.6825132390070782
48,0.00015,0.4961485478045621,0.7508487570042512,0.8122151321786691,0.7907538249507161,0.8291794717044696,0.804445676501175,0.8124573785550465,0.8081632653061225,0.7848421802369171,0.7917304165553127,0.7830710856872839,0.8109934103758566
49,0.00015,0.44964801689224454,0.8391323902169052,0.8322698268003647,0.8166702802164515,0.84863177240552,0.8285075002536445,0.8322236959562888,0.7795918367346939,0.7497120596205962,0.7950832045355103,0.7621425866752783,0.7826210744589347
50,0.00015,0.4651199747403318,0.9541631328816317,0.8340929808568824,0.8205866665037346,0.848915925227956,0.8319025956781972,0.8340815955458848,0.636734693877551,0.6615696818486755,0.661701396461022,0.6176410953675874,0.6356770236770412
51,0.00015,0.41763718104297287,0.8570678895833541,0.8505013673655424,0.834596922587976,0.8674635787390269,0.8477591206426222,0.8504055723828416,0.7306122448979592,0.7162772359587928,0.7377031128909054,0.7095919625168143,0.7376109555866638
52,0.00015,0.43655080532310436,0.796731352562807,0.8277119416590701,0.8131216234316478,0.8410272234212148,0.8242255397891641,0.8277206827584964,0.8,0.7662331370180206,0.7849557535144717,0.7726555080143912,0.8011537043895227
53,0.00015,0.3917743599784298,0.8064714079000512,0.8587055606198724,0.8416729545157585,0.8737551470572562,0.8544913034186076,0.858952086061487,0.7387755102040816,0.7318873173238544,0.7088076438593629,0.708130728905043,0.7373931690388045
54,7.5e-05,0.3796543689510881,0.812116584485891,0.8742023701002735,0.8646755755680613,0.8857769130465689,0.873664724144697,0.8738723178841465,0.8163265306122449,0.7851255431958445,0.8115708533508723,0.7924817485139867,0.8197382107204191
55,7.5e-05,0.3422859103547081,0.7779703514916556,0.8742023701002735,0.8628850892178529,0.888925169213767,0.8741194784874016,0.8741501162814823,0.7877551020408163,0.7676181529122705,0.7465505989038416,0.7464616538278589,0.7875687640142778
56,7.5e-05,0.32185358586046187,0.7439738599621519,0.8960802187784868,0.8892444607865472,0.9006983338353921,0.8938852391182345,0.8956614487823416,0.8204081632653061,0.7863785903377369,0.8169488160809104,0.7964741821502811,0.8228793321704906
57,7.5e-05,0.3483039424325948,0.7031249764014263,0.8705560619872379,0.8531246549039425,0.8808994399757109,0.8643652126426994,0.8707296053016661,0.8081632653061225,0.7731390795906924,0.7981365095147033,0.7753672239897109,0.8139772364642059
58,7.5e-05,0.3399761940200653,0.7547433845850886,0.8787602552415679,0.8687781798035471,0.8889328720647569,0.8777755323594804,0.8786827839679567,0.7795918367346939,0.7589685110375143,0.7857572567763101,0.7515190138769546,0.789297651768893
59,7.5e-05,0.33937387082831033,0.6914381572178432,0.8732907930720146,0.8588309350099458,0.885880660649382,0.8693040529700586,0.8733569859969142,0.7877551020408163,0.76174201987179,0.7510193992371471,0.7531726032343773,0.7878720420848375
60,7.5e-05,0.31700687804543765,0.6296706309732125,0.877848678213309,0.8667160466823397,0.8915284029467306,0.8772012937408061,0.8770791119243362,0.8081632653061225,0.7787137139710295,0.7931744956947214,0.7828987872697987,0.809745645569385
61,7.5e-05,0.2989737141262757,0.7267932478262453,0.8887876025524157,0.8792698806084266,0.9020423207855796,0.8888889319206373,0.8882794615494184,0.7877551020408163,0.7493115492199914,0.7677311770933933,0.7527608040199927,0.79424423570822
62,3.75e-05,0.2910670644604519,0.6300406714483183,0.8997265268915223,0.8935379182603104,0.9156025335246273,0.9029432284110586,0.8991461622676834,0.8244897959183674,0.7945142481727848,0.8047102907476665,0.7986868090317407,0.8250431123259195
63,3.75e-05,0.27621393564514607,0.6335334404390686,0.8997265268915223,0.8931290934197688,0.913859449336055,0.9022179154268949,0.8993924780168033,0.8408163265306122,0.8079619211198158,0.8077538970758648,0.8046396197470972,0.8420300041837215
64,3.75e-05,0.25099110778560396,0.6336127630910094,0.9124886052871468,0.9004862452581422,0.9225549600507326,0.9102385906146132,0.9124107141674758,0.8448979591836735,0.826909439893936,0.8092327124079278,0.8159343374369961,0.8441890173622968
65,3.75e-05,0.21685179301903482,0.6384553908085336,0.9334548769371012,0.9320357888310341,0.9399921274835443,0.9357005890967809,0.933473941881702,0.8285714285714286,0.80303540347145,0.8089084449514038,0.804447541705262,0.8296803038953796
66,3.75e-05,0.2509634446967376,0.6952924222970496,0.918869644484959,0.9173573444823407,0.9269990238473144,0.9218171519951488,0.9187011900070031,0.8448979591836735,0.8114445437815002,0.8378410821527466,0.8225225353724978,0.8458217289571346
67,3.75e-05,0.24925982503860564,0.6643813853361169,0.9051959890610757,0.8939975113998111,0.919251147954423,0.9049896191667436,0.9049141108563157,0.8244897959183674,0.8142955310156593,0.7912003824726003,0.7975901792287116,0.8247267242234616
68,3.75e-05,0.2421409872953959,0.6045430583613259,0.918869644484959,0.9155167498424911,0.9289614619372873,0.9213543644326395,0.9185329853503869,0.8448979591836735,0.8148946083156611,0.8326303793044224,0.8215024709284174,0.8467375679961378
69,3.75e-05,0.23634085167834404,0.6376529199736459,0.9161349134001823,0.9060591564399969,0.9310067247994621,0.9169558873805824,0.9160389152916729,0.8285714285714286,0.8204660209809135,0.7949653382591167,0.8020670255417177,0.8297663618754659
70,3.75e-05,0.2350854205210424,0.6387796832590688,0.9179580674567,0.9138299681183795,0.9258155634286463,0.918689673035389,0.9176911292409099,0.8408163265306122,0.8138400565483899,0.8097398073416467,0.8110024637650167,0.8400408612381787
71,3.75e-05,0.24987345260169797,0.705565034248391,0.9115770282588879,0.9116390002862893,0.9215688081131751,0.9162285243439556,0.9112872386982921,0.8081632653061225,0.7745450071031467,0.8020081712462414,0.7808630552078738,0.8091542854277789
72,1.875e-05,0.23236446138284592,0.6012047091917115,0.9279854147675478,0.9199809810899605,0.9390505135299794,0.928491586377134,0.9277974519930001,0.8367346938775511,0.8186902877308921,0.8199839484999819,0.8181940401551459,0.837904479250965
73,1.875e-05,0.2257046419159325,0.6454784396959811,0.9225159525979946,0.9180440543976577,0.9341820177583218,0.9252016035253692,0.9224032117669266,0.8285714285714286,0.8030214266046404,0.8037085698092367,0.8003145628934312,0.8301694254702011
74,1.875e-05,0.2164206641200682,0.6233481450348485,0.9225159525979946,0.9203545995713133,0.9328792494657896,0.926141734028206,0.9223516789400553,0.8244897959183674,0.7953937601787064,0.7884932571255696,0.788511496487614,0.8247470143193179
75,1.875e-05,0.20059299297841332,0.6075845674592621,0.9307201458523245,0.9268546020733837,0.9427516522784073,0.9341737811030043,0.9306486170204818,0.8408163265306122,0.8041537457134377,0.8123505135041683,0.8066713679853965,0.8408758856672686
76,1.875e-05,0.22774423336917526,0.5888602261032377,0.9216043755697356,0.9229953467769354,0.9272065408984692,0.9250455931786039,0.9216045289149335,0.8367346938775511,0.8143357095802748,0.7951530301702361,0.8031115546103459,0.8351848981066989
77,9.375e-06,0.21798342015380304,0.606138869572659,0.9325432999088423,0.9228025999277558,0.9407589876927048,0.9309537654874201,0.9326065116369603,0.8367346938775511,0.8049937418497913,0.8115654008873686,0.8053851249828439,0.8382497473944582
78,9.375e-06,0.19606550449442625,0.5878836980279611,0.9334548769371012,0.928153355221053,0.9407088897196724,0.9336276045390304,0.9332208988406674,0.8571428571428571,0.8283242660230995,0.8308716047364753,0.8293870244048372,0.8571097610093219
79,9.375e-06,0.18492767845052094,0.5973323234489986,0.9434822242479489,0.9406186068001415,0.9479114661868594,0.9439406846243318,0.9433837581061982,0.8448979591836735,0.8168736102425127,0.8210980523149982,0.8185183753044978,0.8450593926273482
80,9.375e-06,0.2031784689795895,0.5982768847321978,0.9334548769371012,0.9251496369913963,0.9393490600804196,0.9316837205494743,0.9334663242228093,0.8367346938775511,0.8076289155573043,0.81200095310162,0.8084351703739617,0.8370579928487814
81,9.375e-06,0.20739057119477305,0.6058937725363945,0.9179580674567,0.9176693823426564,0.9317107268312609,0.9241676082688474,0.9176062231388833,0.8448979591836735,0.8160041670216088,0.8247354741104297,0.8198170706833404,0.8455589411700838
82,9.375e-06,0.19001718469935325,0.5873217110122954,0.9453053783044667,0.9395989101864667,0.9526777009118413,0.9456755808724747,0.9452408331698465,0.8408163265306122,0.8100601515534196,0.8094152683331268,0.8078268454748597,0.8403083807539807
83,9.375e-06,0.20110657966017398,0.6003107893831876,0.9334548769371012,0.9239032480971962,0.942268198900342,0.9322387395925923,0.9334354887819387,0.8448979591836735,0.8101439962735552,0.8335751248450588,0.8203510377550663,0.8459665311504809
84,4.6875e-06,0.19687392962663525,0.6129012214894197,0.9434822242479489,0.9421726212213235,0.9504053154874493,0.94584671736212,0.9433710363180443,0.8367346938775511,0.8082042324430635,0.8162501075200416,0.8118009298461003,0.8364344194230923
85,4.6875e-06,0.1791395740609008,0.6043469474023703,0.9407474931631723,0.9359295072497228,0.95134771845944,0.9430593506278849,0.9405919922054649,0.8571428571428571,0.8179752226430613,0.8374274688136819,0.8268174587170352,0.8571231088119862
86,4.6875e-06,0.1945276795975599,0.5937562886549502,0.935278030993619,0.9330512135695278,0.9447725109742398,0.9384780710346862,0.9352689796120736,0.8448979591836735,0.8147096062447569,0.8217121387350189,0.8166450143770526,0.8450890987597987
87,4.6875e-06,0.17763096395686417,0.5769423722612614,0.9498632634457612,0.9446495189504144,0.9573875260901895,0.9505948601443701,0.9497983355302857,0.8530612244897959,0.8280791374257799,0.8377945341277591,0.8326926931931243,0.853125637401728
88,4.6875e-06,0.1672505902477906,0.5850798753147223,0.9489516864175023,0.9480608053515441,0.958271239612864,0.9524823627926341,0.9488564491579692,0.8530612244897959,0.8151853338550278,0.8198173562668604,0.8169349115860743,0.8520422978382162
89,4.6875e-06,0.18651178030937285,0.6027644699325367,0.9416590701914311,0.9376660855720732,0.9489966028718402,0.9429299865214765,0.9417363142528069,0.8530612244897959,0.8234874232091333,0.8377945341277591,0.8296289303920733,0.8545338930209895
90,4.6875e-06,0.1724517758504412,0.5816560346861275,0.9489516864175023,0.9527728849417049,0.9574870163669238,0.9548263423799273,0.9488762931582801,0.8489795918367347,0.815746173609393,0.822579221444092,0.8189039679176738,0.8491265580110979
91,4.6875e-06,0.16650613168476924,0.5934537362687442,0.9498632634457612,0.943148061971232,0.9606005748310604,0.9509798181516956,0.9497230362902174,0.8408163265306122,0.8000676713848911,0.8076490039822289,0.8033536774847133,0.8407082816803306
92,4.6875e-06,0.1834651647422568,0.5857590385845729,0.9471285323609845,0.9477182247705013,0.9550943631960735,0.9511327424549704,0.9470176108065457,0.8367346938775511,0.8075083006862828,0.80386112519435,0.8053301530404541,0.8363056817311644
93,2.34375e-06,0.17727979608797007,0.5877688303893926,0.9480401093892434,0.9463907256979422,0.9564527520168137,0.951021802529088,0.9479503850754784,0.8448979591836735,0.8124000935072323,0.8096706184192101,0.8103394154887592,0.8442155327833776
94,2.34375e-06,0.1857305684601489,0.5912679900928419,0.9462169553327257,0.9466472583421139,0.9556468545278424,0.9505771508587628,0.9460219554739804,0.8530612244897959,0.8231402139640474,0.8180510919159625,0.8194142280677731,0.8521201852957356
95,2.34375e-06,0.1691189815537323,0.5889786868375175,0.9480401093892434,0.948773128320097,0.9583015830880535,0.9530984067796849,0.9479768481251953,0.8408163265306122,0.8045463518768949,0.8065112751435876,0.8051605500412248,0.8409932322732803
96,2.34375e-06,0.18176908793781926,0.5905279839525417,0.9425706472196901,0.9433909071612896,0.9476259850305748,0.945334525543768,0.9425175321770304,0.8448979591836735,0.8300578658720905,0.8079924442726814,0.8167868320814606,0.8438182418361064
97,2.34375e-06,0.1663961711262396,0.577426671495243,0.9562443026435734,0.955185448941868,0.964920928072277,0.9598004666744563,0.9561028780864881,0.8367346938775511,0.8234211221343574,0.8198958582956125,0.8199790565005566,0.837808043695187
98,1.171875e-06,0.17893281312779938,0.5801030489254971,0.9544211485870556,0.9577957185897509,0.9596782545016219,0.9587086154368434,0.9544225602125693,0.8408163265306122,0.8139042862973845,0.828020981706282,0.820195330742998,0.8418414338073236
99,1.171875e-06,0.188446407466991,0.5819447927937216,0.9371011850501367,0.9307798016879004,0.9447801306428111,0.9372563674797086,0.9370881681348916,0.8408163265306122,0.815488555045517,0.8165935478104936,0.8159355937067686,0.8406527188842421
100,1.171875e-06,0.160938909978571,0.5773118505672533,0.9498632634457612,0.949077825461717,0.957422675436924,0.9529974400409754,0.9497542242835553,0.8326530612244898,0.7991381534082186,0.799985156202102,0.7990944025157214,0.8331570574102415
101,1.171875e-06,0.19312155670541573,0.5776119887220617,0.9407474931631723,0.9377585742489871,0.9478551801337249,0.942387872856869,0.9406243061975083,0.8448979591836735,0.8100186972955165,0.8228643166658961,0.8160384377830593,0.8451919750016517
102,1.171875e-06,0.18611397953498549,0.5828360368098532,0.9389243391066545,0.9390886936602086,0.9460186749848037,0.9422638524768702,0.938811759109266,0.8448979591836735,0.8194885101589398,0.8203814265983725,0.8197071397783807,0.8446733062524157
103,5.859375e-07,0.19246398544137655,0.5750147988297502,0.9389243391066545,0.9286259442859816,0.948033320101788,0.9373273635544322,0.9388959700752534,0.8489795918367347,0.8229389658797347,0.8135465874114581,0.817213442626986,0.8478669552228084
104,5.859375e-07,0.1699949702623223,0.5933406643113311,0.9535095715587967,0.9508893146189132,0.9600102711320324,0.9551297750126663,0.9533447671265881,0.8367346938775511,0.8035665619303377,0.8031444994777246,0.8028707406858792,0.8356218207028034
105,5.859375e-07,0.16192083464173046,0.5677906796032068,0.9480401093892434,0.9483935382600929,0.9576691220239377,0.9527867213174303,0.9479463215567548,0.8571428571428571,0.8278521469098719,0.8315001402487318,0.8292719703193864,0.8574502014795204
106,5.859375e-07,0.1899232956476394,0.5795784002664138,0.9389243391066545,0.9332653740250508,0.9467547574367642,0.93944707710414,0.9389754996782573,0.8489795918367347,0.8214982645146306,0.8129180518992016,0.8162202095701495,0.8471541506650466
107,5.859375e-07,0.18206300731126895,0.5776334741285869,0.9434822242479489,0.9430596323766315,0.9541791781874513,0.9483247120804491,0.9432854307756057,0.8448979591836735,0.8155464135664787,0.8301306863476322,0.8218292587992982,0.8462265306671809
108,2.9296875e-07,0.17188481831670133,0.573389256122161,0.9453053783044667,0.9407304677978091,0.9561146387870152,0.9477448397471037,0.945220568310356,0.8530612244897959,0.8258935679821756,0.8270837259485965,0.8264268886550775,0.8532044682279691
109,2.9296875e-07,0.18179146671088697,0.5862113794501946,0.9371011850501367,0.940292154316159,0.9430703765944012,0.9415394216870445,0.9371107684778771,0.8448979591836735,0.8255813138546503,0.8073639087604251,0.8143441555366108,0.8431334707796163
110,2.9296875e-07,0.1721283322235836,0.5883878506568013,0.9516864175022789,0.9530108426127056,0.9584357444706787,0.9554486383625375,0.9516855733653812,0.8448979591836735,0.8117816890664634,0.8073639087604251,0.8089318655386092,0.8439024246070117
111,2.9296875e-07,0.18549985682410117,0.5778049646591653,0.9453053783044667,0.9425934073020109,0.9524920354664604,0.9470475593574869,0.9452589574953236,0.8448979591836735,0.81344728068866,0.8204695168027417,0.8167359130221742,0.8450014175168868
112,2.9296875e-07,0.186388734235694,0.5807176060822545,0.935278030993619,0.9305627198019893,0.9430696425491084,0.9364105156604284,0.9351574885621877,0.8489795918367347,0.8151206419499103,0.8213365995118149,0.8179411333042772,0.8497355244063669
113,1.46484375e-07,0.1676305398793251,0.581874444442136,0.9480401093892434,0.9488365185493461,0.9557188324880759,0.9519186216929848,0.9479376458660013,0.8571428571428571,0.8364371282990763,0.837509438905955,0.8364075742356976,0.8575456621920468
114,1.46484375e-07,0.1765542586716936,0.5896615512517034,0.9516864175022789,0.951575194035005,0.9588142361810029,0.9549606458765356,0.9516382905823465,0.8448979591836735,0.8107562570176013,0.8318088604941608,0.819401925074895,0.8469160254136758
115,1.46484375e-07,0.165046998461812,0.5616809049735264,0.9489516864175023,0.9442830947045425,0.9580958742182414,0.9506749888708893,0.948891585312408,0.8489795918367347,0.8210166491617069,0.8166580129912381,0.8174777834999739,0.8485701262923204
116,1.46484375e-07,0.1848014779490781,0.5775572082826069,0.9371011850501367,0.9354130927163626,0.9461992183545135,0.9402684187788198,0.936849671856944,0.8612244897959184,0.8309733078025761,0.843692117556988,0.8366118467051621,0.8621886906365276
117,1.46484375e-07,0.18282510869972468,0.5728248321280187,0.9398359161349134,0.9353932890939469,0.94606683856699,0.9403690604375047,0.9397723182428275,0.8367346938775511,0.806346793923821,0.8128056690226151,0.8089787027431471,0.8376979093904466
118,1.46484375e-07,0.18146138671537693,0.5732813708028015,0.9425706472196901,0.9367238935460995,0.9501443773388902,0.9429313154336495,0.9425031483209039,0.8530612244897959,0.8295667070057314,0.8246889260854422,0.8268475908490647,0.8533140855738723
119,1.46484375e-07,0.16506537227274182,0.5762830795682207,0.9480401093892434,0.9454527918176053,0.9570340610440491,0.9508650810366704,0.9478763198648222,0.8530612244897959,0.8271375323794677,0.8181391821203318,0.8217768015215295,0.852267322023149
120,1.46484375e-07,0.17884012395235876,0.5739728942513466,0.9453053783044667,0.9428463859482817,0.9509572436226291,0.9466273841936625,0.9453076535587278,0.8489795918367347,0.827052171260296,0.8231028638627128,0.8248676138215013,0.8486253891387063
121,1.46484375e-07,0.18557864242830163,0.5837179589028261,0.9389243391066545,0.9390587832418734,0.9484227142830454,0.9434086470356026,0.9386417242875293,0.8448979591836735,0.8106436183707216,0.8204695168027417,0.815228050062159,0.8449966880372853
122,7.32421875e-08,0.17476731496663558,0.5792587660405101,0.9489516864175023,0.9454564681219614,0.9573263994421852,0.9508194172057666,0.9489664205870177,0.8489795918367347,0.8160256410256411,0.822579221444092,0.8190550787161506,0.8493704763340019
123,7.32421875e-08,0.17305219139472505,0.5752805318759412,0.9462169553327257,0.9389839006839779,0.9546358048516091,0.9461911641635079,0.9461947116734772,0.8530612244897959,0.8187330187330187,0.8270837259485965,0.8226683750176941,0.853568482075129
124,7.32421875e-08,0.17813521607311184,0.5739621413605553,0.9416590701914311,0.9394949162767863,0.952987834844511,0.9457067367261393,0.9413430435396729,0.8571428571428571,0.8299038721452514,0.8399042387691092,0.8343277485061829,0.8581075451108561
125,7.32421875e-08,0.1800892744535952,0.5793381480538116,0.9462169553327257,0.9454271057239696,0.9549958958966852,0.9499442113626202,0.9460847771041365,0.8448979591836735,0.825988825988826,0.8163084525886898,0.8203231828804939,0.8450362297188349
126,7.32421875e-08,0.2051630532513343,0.5811587126887574,0.935278030993619,0.9311220937942523,0.94378431309292,0.9370537312987411,0.9352227109966902,0.8408163265306122,0.811149793448691,0.8166816380148632,0.813500709920417,0.8413663243075007
127,3.662109375e-08,0.18242715271962373,0.5862040602431006,0.9425706472196901,0.9359000679873927,0.9516477716436843,0.9431671917328104,0.9424807212728071,0.8489795918367347,0.8194142371561726,0.8249740213072463,0.8219762443820606,0.8489720382535036
128,3.662109375e-08,0.18006356732890946,0.5798144806100398,0.9480401093892434,0.9508712447308826,0.955592930628061,0.9530695729433186,0.9480758793149452,0.8448979591836735,0.8264761554235238,0.8175655236132026,0.8212588351666766,0.8455275003626371
129,3.662109375e-08,0.18007561334204217,0.5828521350816804,0.9434822242479489,0.9433729759766734,0.9547153806184907,0.9486221926909576,0.9434002443711093,0.8448979591836735,0.8277864084269972,0.8056857346138964,0.8144651693384769,0.8432374763998465
130,3.662109375e-08,0.1843467239314247,0.5726795001297581,0.9407474931631723,0.9407051664255116,0.9503396718890236,0.9452382002137144,0.9406009611535014,0.8530612244897959,0.83271265451498,0.8271718161529659,0.8297049841998884,0.8528201916806553
